stage,started_at,ended_at,duration_seconds,status,return_code
PRE-RUN SYSTEM PREFLIGHT,2026-09-24T12:07:20,2026-09-24T12:07:20,0.04357576370239258,PASS,
AGENT 1 - STOCK SELECTION AGENT,2026-09-24T12:07:20,2026-09-24T12:07:59,39.03209161758423,PASS,0.0
AGENT 2 - TREND PREDICTION AGENT,2026-09-24T12:07:59,2026-09-24T12:08:21,21.540390491485596,PASS,0.0
AGENT 3 - RISK MANAGEMENT AGENT,2026-09-24T12:08:21,2026-09-24T12:08:23,2.2869656085968018,PASS,0.0
AGENT 4 - TRADE EXECUTION AGENT,2026-09-24T12:08:23,2026-09-24T12:08:31,7.674965143203735,PASS,0.0
AGENT 5 - PORTFOLIO REBALANCING AGENT,2026-09-24T12:08:31,2026-09-24T12:08:33,2.639387845993042,PASS,0.0
BUILDING UNIFIED FIVE-AGENT TRACE,2026-09-24T12:08:33,2026-09-24T12:08:34,0.2449355125427246,PASS,
POST-RUN SYSTEM PREFLIGHT,2026-09-24T12:08:34,2026-09-24T12:08:34,0.06526994705200195,PASS,
FINAL AGENT 1 -> 5 INTEGRATION VALIDATION,2026-09-24T12:08:34,2026-09-24T12:08:34,0.17697548866271973,PASS,
